codon	amino_acid	raw_freq	norm_freq
GCA	A	0.0176434405	0.24767423062120536
GCC	A	0.026596796	0.37335920883963375
GCG	A	0.0070046445	0.09832945775584744
GCT	A	0.0199915995	0.28063710278331333
TGC	C	0.009741254000000001	0.5160579992532955
TGT	C	0.0091350235	0.48394200074670435
GAC	D	0.025031673499999997	0.49326047386472127
GAT	D	0.0257157	0.5067395261352787
GAA	E	0.0345998655	0.45730112265284745
GAG	E	0.041061146	0.5426988773471526
TTC	F	0.0169951245	0.49373875142010587
TTT	F	0.017426165	0.5062612485798942
GGA	G	0.0170035875	0.26453789550611645
GGC	G	0.02069247	0.3219286792639171
GGG	G	0.015209137000000001	0.2366202481943419
GGT	G	0.011371371500000001	0.17691317703562445
CAC	H	0.013440478499999998	0.5461990310107683
CAT	H	0.0111668125	0.4538009689892317
ATA	I	0.0078256105	0.18079765212883542
ATC	I	0.018476722	0.42687378277224514
ATT	I	0.0169814735	0.39232856509891945
AAA	K	0.027981911499999998	0.4543075291133515
AAG	K	0.0336105335	0.5456924708866485
CTA	L	0.0075234205	0.07676074282207285
CTC	L	0.017046939499999997	0.17392830014790941
CTG	L	0.036143381	0.36876747400483517
CTT	L	0.01438335	0.14675195016280979
TTA	L	0.009013802	0.09196696332088387
TTG	L	0.013900411	0.14182456954148878
ATG	M	0.0216512705	1.0
AAC	N	0.017814371	0.4935230397793061
AAT	N	0.01828196	0.506476960220694
CCA	P	0.0180102545	0.2923815875159144
CCC	P	0.018361847	0.29808940099010434
CCG	P	0.0066080265	0.10727584545888742
CCT	P	0.018618328500000003	0.3022531660350938
CAA	Q	0.0133368995	0.2711501809946688
CAG	Q	0.035849494	0.7288498190053313
AGA	R	0.012518895	0.22058511224777877
AGG	R	0.011213126	0.19757723484049403
CGA	R	0.0068785925	0.12120199895591657
CGC	R	0.0095494285	0.1682625948675692
CGG	R	0.011634064	0.20499423578022197
CGT	R	0.004959021500000001	0.08737882330801947
AGC	S	0.0185011755	0.22604049388884595
AGT	S	0.013459905500000001	0.16444812854822083
TCA	S	0.0130988975	0.160037466824709
TCC	S	0.0161691565	0.19754875148479314
TCG	S	0.004265176000000001	0.05211033696549997
TCT	S	0.016354632	0.19981482228793107
ACA	T	0.015719403	0.30361032167122504
ACC	T	0.0167921615	0.3243299732547197
ACG	T	0.005590149	0.10797019047606814
ACT	T	0.013673216	0.264089514597987
GTA	V	0.0081839535	0.1356996480809268
GTC	V	0.0130450865	0.21630299429673555
GTG	V	0.026665090500000002	0.4421388020955965
GTT	V	0.0124151895	0.20585855552674112
TGG	W	0.0111158235	1.0
TAC	Y	0.013288924	0.5216601693322754
TAT	Y	0.012185369	0.47833983066772445
