codon	amino_acid	raw_freq	norm_freq
GCA	A	1.0	0.25
GCC	A	1.0	0.25
GCG	A	1.0	0.25
GCT	A	1.0	0.25
TGC	C	1.0	0.5
TGT	C	1.0	0.5
GAC	D	1.0	0.5
GAT	D	1.0	0.5
GAA	E	1.0	0.5
GAG	E	1.0	0.5
TTC	F	1.0	0.5
TTT	F	1.0	0.5
GGA	G	1.0	0.25
GGC	G	1.0	0.25
GGG	G	1.0	0.25
GGT	G	1.0	0.25
CAC	H	1.0	0.5
CAT	H	1.0	0.5
ATA	I	1.0	0.3333333333333333
ATC	I	1.0	0.3333333333333333
ATT	I	1.0	0.3333333333333333
AAA	K	1.0	0.5
AAG	K	1.0	0.5
CTA	L	1.0	0.16666666666666666
CTC	L	1.0	0.16666666666666666
CTG	L	1.0	0.16666666666666666
CTT	L	1.0	0.16666666666666666
TTA	L	1.0	0.16666666666666666
TTG	L	1.0	0.16666666666666666
ATG	M	1.0	1.0
AAC	N	1.0	0.5
AAT	N	1.0	0.5
CCA	P	1.0	0.25
CCC	P	1.0	0.25
CCG	P	1.0	0.25
CCT	P	1.0	0.25
CAA	Q	1.0	0.5
CAG	Q	1.0	0.5
AGA	R	1.0	0.16666666666666666
AGG	R	1.0	0.16666666666666666
CGA	R	1.0	0.16666666666666666
CGC	R	1.0	0.16666666666666666
CGG	R	1.0	0.16666666666666666
CGT	R	1.0	0.16666666666666666
AGC	S	1.0	0.16666666666666666
AGT	S	1.0	0.16666666666666666
TCA	S	1.0	0.16666666666666666
TCC	S	1.0	0.16666666666666666
TCG	S	1.0	0.16666666666666666
TCT	S	1.0	0.16666666666666666
ACA	T	1.0	0.25
ACC	T	1.0	0.25
ACG	T	1.0	0.25
ACT	T	1.0	0.25
GTA	V	1.0	0.25
GTC	V	1.0	0.25
GTG	V	1.0	0.25
GTT	V	1.0	0.25
TGG	W	1.0	1.0
TAC	Y	1.0	0.5
TAT	Y	1.0	0.5
