codon	amino_acid	raw_freq	norm_freq
GCA	A	0.0101231855	0.12493583934673488
GCC	A	0.0204331065	0.25217628492915833
GCG	A	0.0029442205	0.0363362559531645
GCT	A	0.0475265615	0.5865516197709423
TGC	C	0.001917817	0.20512909097375287
TGT	C	0.0074315005	0.794870909026247
GAC	D	0.027928589	0.46232383162957513
GAT	D	0.0324805595	0.5376761683704249
GAA	E	0.060276061500000006	0.8346305973761048
GAG	E	0.011942788	0.1653694026238953
TTC	F	0.0249465055	0.6200491152660524
TTT	F	0.015286606500000001	0.3799508847339475
GGA	G	0.004676536	0.07087403194474823
GGC	G	0.0069126975	0.10476359926222768
GGG	G	0.002957524	0.044821990134013626
GGT	G	0.051437015	0.7795403786590104
CAC	H	0.0106460945	0.5478291766876209
CAT	H	0.008787143	0.4521708233123792
ATA	I	0.0057652365	0.09264860354953817
ATC	I	0.024617476	0.3956081895884533
ATT	I	0.0318441995	0.5117432068620086
AAA	K	0.027690855	0.34972391828910643
AAG	K	0.0514883305	0.6502760817108936
CTA	L	0.009116833	0.10528162383105968
CTC	L	0.0018452825	0.021309410628344006
CTG	L	0.0046587315	0.05379925433677554
CTT	L	0.005560603	0.06421410958387216
TTA	L	0.0200137765	0.23112004891522114
TTG	L	0.045399496	0.5242755527047275
ATG	M	0.019695592999999997	1.0
AAC	N	0.0300877015	0.6322118007869674
AAT	N	0.017503472	0.36778819921303263
CCA	P	0.0281887935	0.6648532974025165
CCC	P	0.0029697335	0.07004333512470891
CCG	P	0.001675897	0.039527255629333166
CCT	P	0.0095640925	0.2255761118434415
CAA	Q	0.029493181	0.8424139225234161
CAG	Q	0.005517139	0.15758607747658407
AGA	R	0.0292173305	0.6944383360611898
AGG	R	0.0036884645	0.08766752835276201
CGA	R	0.0005101645	0.012125604236755608
CGC	R	0.00100518	0.023891146613890232
CGG	R	0.0003393235	0.008065050526312085
CGT	R	0.007312863	0.17381233420909006
AGC	S	0.0043695834999999995	0.0625998725204712
AGT	S	0.006341378	0.09084835074192325
TCA	S	0.008317309	0.11915608961663458
TCC	S	0.018729831000000002	0.2683287853247271
TCG	S	0.0033721985	0.04831105669767478
TCT	S	0.028671495499999998	0.4107558450985691
ACA	T	0.008807068500000001	0.15442089450119134
ACC	T	0.019641826	0.3443947711496461
ACG	T	0.0030713010000000002	0.053851408979321946
ACT	T	0.0255126855	0.4473329253698406
GTA	V	0.0053824845	0.07751580353044926
GTC	V	0.0232716995	0.3351471771561357
GTG	V	0.006308824	0.0908564737515144
GTT	V	0.0344742455	0.4964805455619008
TGG	W	0.009564687	1.0
TAC	Y	0.0199425405	0.6487674078654556
TAT	Y	0.0107965815	0.35123259213454433
